{
  "stage": 1,
  "event_name": "完成阶段",
  "timestamp": 50.256301,
  "raw_sensor_data": [
    1754965642.8802276,
    1754965642.8757234,
    2402.2811819227445,
    2252.5323780763506,
    1072.5102722562035,
    2039.8113975352492,
    1506.2537875628714,
    1710.0297112296266,
    1089.9681609249028,
    2166.2708261705934,
    1325.3723471409244,
    191.60224916643506
  ],
  "sensor_weights": [
    1.0,
    0.0,
    0.0,
    0.0,
    0.0,
    0.0,
    0.0,
    0.0,
    0.0,
    0.0
  ],
  "error_range": 0.1,
  "recorded_at": "2025-08-12T10:27:22.891954",
  "visualization_state": {
    "stage": 1,
    "sensor_count": 10,
    "gray_rotation": 0.6653768938982922,
    "gray_tilt": 0.0,
    "blue_curvature": 0.0,
    "green_tilt": 0.0,
    "alerts": {
      "gray_rotation": false,
      "gray_tilt": false,
      "blue_curvature": false,
      "green_tilt": false
    },
    "memory_stats": {
      "plot_data_points": 1094,
      "plot_window_size": 5000,
      "decimation_factor": 1,
      "memory_usage_mb": 0,
      "data_points_processed": 1997,
      "plot_updates_per_sec": 697
    }
  }
}