{
  "stage": 4,
  "event_name": "沉肩完成",
  "timestamp": 36.339819,
  "raw_sensor_data": [
    2948.2685105656756,
    1815.854434794584,
    1025.3783680486415,
    1928.846946231091,
    1460.6994919871158,
    1661.8884406719462,
    1004.0133782094942,
    1734.8496572723047,
    1328.0635061872708,
    192.7000954023476,
    192.7000954023476
  ],
  "sensor_weights": [
    1.0,
    0.0,
    0.0,
    0.0,
    0.0,
    0.0,
    0.0,
    0.0,
    0.0,
    0.0,
    0.0
  ],
  "error_range": 0.1,
  "recorded_at": "2025-08-12T17:37:47.154886",
  "visualization_state": {
    "stage": 4,
    "sensor_count": 11,
    "gray_rotation": 0.0,
    "gray_tilt": 0.015634165060665058,
    "blue_curvature": 0.0,
    "green_tilt": 1.0,
    "alerts": {
      "gray_rotation": false,
      "gray_tilt": false,
      "blue_curvature": false,
      "green_tilt": false
    },
    "memory_stats": {
      "plot_data_points": 783,
      "plot_window_size": 5000,
      "decimation_factor": 1,
      "memory_usage_mb": 0,
      "data_points_processed": 33164,
      "plot_updates_per_sec": 11270
    }
  }
}