{
  "stage": 1,
  "event_name": "完成阶段",
  "timestamp": 48.990955,
  "raw_sensor_data": [
    1754967108.845765,
    1754967108.840968,
    1534.8259383684942,
    2459.235823665027,
    1042.7960998777942,
    2239.0157169540435,
    1368.2542498237972,
    1657.725090536962,
    1382.2743337180502,
    1601.14142385146,
    1309.6989087065476,
    420.766567782269
  ],
  "sensor_weights": [
    0.0,
    1.0,
    0.0,
    0.0,
    0.0,
    0.0,
    0.0,
    0.0,
    0.0,
    0.0
  ],
  "error_range": 0.1,
  "recorded_at": "2025-08-12T10:51:48.853268",
  "visualization_state": {
    "stage": 1,
    "sensor_count": 10,
    "gray_rotation": 0.0,
    "gray_tilt": 0.0,
    "blue_curvature": 0.0,
    "green_tilt": 0.0,
    "alerts": {
      "gray_rotation": false,
      "gray_tilt": false,
      "blue_curvature": false,
      "green_tilt": false
    },
    "memory_stats": {
      "plot_data_points": 1046,
      "plot_window_size": 5000,
      "decimation_factor": 1,
      "memory_usage_mb": 0,
      "data_points_processed": 1038,
      "plot_updates_per_sec": 354
    }
  }
}