{
  "stage": 1,
  "event_name": "完成阶段",
  "timestamp": 22.936408,
  "raw_sensor_data": [
    1754967082.7925425,
    1754967082.788543,
    1522.6554603876302,
    2078.3055729313232,
    1039.735564556309,
    2252.9335315654403,
    1366.4143879191374,
    1646.3447090846796,
    1112.7868924325842,
    1971.9630110762332,
    1287.6432742526106,
    419.36330489770756
  ],
  "sensor_weights": [
    1.0,
    0.0,
    0.0,
    0.0,
    0.0,
    0.0,
    0.0,
    0.0,
    0.0,
    0.0
  ],
  "error_range": 0.1,
  "recorded_at": "2025-08-12T10:51:22.799223",
  "visualization_state": {
    "stage": 1,
    "sensor_count": 10,
    "gray_rotation": 1.0,
    "gray_tilt": 0.0,
    "blue_curvature": 0.0,
    "green_tilt": 0.0,
    "alerts": {
      "gray_rotation": false,
      "gray_tilt": false,
      "blue_curvature": false,
      "green_tilt": false
    },
    "memory_stats": {
      "plot_data_points": 488,
      "plot_window_size": 5000,
      "decimation_factor": 1,
      "memory_usage_mb": 0,
      "data_points_processed": 484,
      "plot_updates_per_sec": 165
    }
  }
}