{
  "stage": 1,
  "event_name": "完成阶段",
  "timestamp": 72.710163,
  "raw_sensor_data": [
    1754967132.5646937,
    1754967132.5593631,
    1445.9811362020196,
    2451.2464015210076,
    1034.396068927796,
    2247.4501342483563,
    1360.3491173289897,
    1678.2502650311787,
    1056.4076921695105,
    2128.9606050380426,
    1330.5454567428035,
    416.4824184483473
  ],
  "sensor_weights": [
    0.0,
    0.0,
    0.0,
    0.0,
    0.0,
    0.0,
    0.0,
    0.0,
    0.0,
    0.0
  ],
  "error_range": 0.1,
  "recorded_at": "2025-08-12T10:52:12.571976",
  "visualization_state": {
    "stage": 1,
    "sensor_count": 10,
    "gray_rotation": 0.0,
    "gray_tilt": 0.0,
    "blue_curvature": 0.0,
    "green_tilt": 0.0,
    "alerts": {
      "gray_rotation": false,
      "gray_tilt": false,
      "blue_curvature": false,
      "green_tilt": false
    },
    "memory_stats": {
      "plot_data_points": 1558,
      "plot_window_size": 5000,
      "decimation_factor": 1,
      "memory_usage_mb": 0,
      "data_points_processed": 1538,
      "plot_updates_per_sec": 529
    }
  }
}