{
  "stage": 2,
  "event_name": "矫正完成",
  "timestamp": 19.326323,
  "raw_sensor_data": [
    1463.9907206607165,
    1912.9877841920809,
    1073.434963512431,
    1896.9248614860091,
    1482.9568854302456,
    1686.094725560475,
    1039.979469856265,
    1812.7282290337048,
    1369.227021546817,
    192.45722264652247
  ],
  "sensor_weights": [
    1.0,
    0.0,
    0.0,
    0.0,
    0.0,
    0.0,
    0.0,
    0.0,
    0.0,
    0.0
  ],
  "error_range": 0.1,
  "recorded_at": "2025-08-12T16:15:28.761323",
  "visualization_state": {
    "stage": 2,
    "sensor_count": 10,
    "gray_rotation": 0.0,
    "gray_tilt": 0.0,
    "blue_curvature": 1.0,
    "green_tilt": 0.0,
    "alerts": {
      "gray_rotation": false,
      "gray_tilt": false,
      "blue_curvature": false,
      "green_tilt": false
    },
    "memory_stats": {
      "plot_data_points": 418,
      "plot_window_size": 5000,
      "decimation_factor": 1,
      "memory_usage_mb": 0,
      "data_points_processed": 12916,
      "plot_updates_per_sec": 4688
    }
  }
}