{
  "stage": 1,
  "event_name": "完成阶段",
  "timestamp": 21.610038,
  "raw_sensor_data": [
    1754966569.7819805,
    1754966569.77798,
    1504.4566498517852,
    1662.35410706116,
    1687.8284580949423,
    1534.9999999391891,
    2012.2352789075073,
    1631.6997675822297,
    1123.0118943897062,
    1535.3950804443025,
    1272.3230559595813,
    109.53146902367116
  ],
  "sensor_weights": [
    1.0,
    0.0,
    0.0,
    0.0,
    0.0,
    0.0,
    0.0,
    0.0,
    0.0,
    0.0
  ],
  "error_range": 0.1,
  "recorded_at": "2025-08-12T10:42:49.787498",
  "visualization_state": {
    "stage": 1,
    "sensor_count": 10,
    "gray_rotation": 1.0,
    "gray_tilt": 0.0,
    "blue_curvature": 0.0,
    "green_tilt": 0.0,
    "alerts": {
      "gray_rotation": false,
      "gray_tilt": false,
      "blue_curvature": false,
      "green_tilt": false
    },
    "memory_stats": {
      "plot_data_points": 467,
      "plot_window_size": 5000,
      "decimation_factor": 1,
      "memory_usage_mb": 0,
      "data_points_processed": 457,
      "plot_updates_per_sec": 157
    }
  }
}