{
  "stage": 1,
  "event_name": "完成阶段",
  "timestamp": 17.632722,
  "raw_sensor_data": [
    1754965610.256646,
    1754965610.2516448,
    1459.00861319755,
    2248.054236491566,
    1035.3697365962835,
    1980.4872162547472,
    1500.6937762262964,
    1653.3294827822583,
    1073.4621427431732,
    2159.853551438923,
    1273.5280606302097,
    193.86609611805503
  ],
  "sensor_weights": [
    1.0,
    0.0,
    0.0,
    0.0,
    0.0,
    0.0,
    0.0,
    0.0,
    0.0,
    0.0
  ],
  "error_range": 0.1,
  "recorded_at": "2025-08-12T10:26:50.263157",
  "visualization_state": {
    "stage": 1,
    "sensor_count": 10,
    "gray_rotation": 0.9992385848379265,
    "gray_tilt": 0.0,
    "blue_curvature": 0.0,
    "green_tilt": 0.0,
    "alerts": {
      "gray_rotation": false,
      "gray_tilt": false,
      "blue_curvature": false,
      "green_tilt": false
    },
    "memory_stats": {
      "plot_data_points": 377,
      "plot_window_size": 5000,
      "decimation_factor": 1,
      "memory_usage_mb": 0,
      "data_points_processed": 1312,
      "plot_updates_per_sec": 458
    }
  }
}