{
  "stage": 1,
  "event_name": "完成阶段",
  "timestamp": 60.112122,
  "raw_sensor_data": [
    1754967119.966933,
    1754967119.9614244,
    1453.2238529622869,
    2429.9485687347105,
    1038.949618075649,
    2240.5318654103467,
    1363.6014756556576,
    1664.3908304585505,
    1054.8649733697819,
    1995.8939832101416,
    1317.672675871754,
    417.63218201009244
  ],
  "sensor_weights": [
    0.0,
    1.0,
    0.0,
    0.0,
    0.0,
    0.0,
    0.0,
    0.0,
    0.0,
    0.0
  ],
  "error_range": 0.1,
  "recorded_at": "2025-08-12T10:51:59.974421",
  "visualization_state": {
    "stage": 1,
    "sensor_count": 10,
    "gray_rotation": 0.9766898189584678,
    "gray_tilt": 0.0,
    "blue_curvature": 0.0,
    "green_tilt": 0.0,
    "alerts": {
      "gray_rotation": false,
      "gray_tilt": false,
      "blue_curvature": false,
      "green_tilt": false
    },
    "memory_stats": {
      "plot_data_points": 1288,
      "plot_window_size": 5000,
      "decimation_factor": 1,
      "memory_usage_mb": 0,
      "data_points_processed": 1272,
      "plot_updates_per_sec": 437
    }
  }
}