{
  "stage": 5,
  "event_name": "沉肩完成",
  "timestamp": 18.301308,
  "raw_sensor_data": [
    1471.6901803011604,
    1881.681422162158,
    1073.033079577297,
    1922.612403953542,
    1487.4504531372327,
    1691.2532431006366,
    1019.2650554785628,
    1775.5394773567307,
    1369.7322822952842,
    190.01947989403456
  ],
  "sensor_weights": [
    1.0,
    0.0,
    0.0,
    0.0,
    0.0,
    0.0,
    0.0,
    0.0,
    0.0,
    0.0
  ],
  "error_range": 0.1,
  "recorded_at": "2025-08-12T16:12:27.486826",
  "visualization_state": {
    "stage": 5,
    "sensor_count": 10,
    "gray_rotation": 1.0,
    "gray_tilt": 0.0,
    "blue_curvature": 1.0,
    "green_tilt": 1.0,
    "alerts": {
      "gray_rotation": false,
      "gray_tilt": false,
      "blue_curvature": false,
      "green_tilt": false
    },
    "memory_stats": {
      "plot_data_points": 408,
      "plot_window_size": 5000,
      "decimation_factor": 1,
      "memory_usage_mb": 0,
      "data_points_processed": 9087,
      "plot_updates_per_sec": 3368
    }
  }
}