{
  "stage": 1,
  "event_name": "完成阶段",
  "timestamp": 16.140186,
  "raw_sensor_data": [
    1754966564.3121223,
    1754966564.3071249,
    1507.506038477534,
    1663.338056622347,
    1692.5339190103546,
    1565.6375805131984,
    2015.839505641135,
    1651.8814913628937,
    1124.4794875625844,
    1538.105326591002,
    1295.9193877840728,
    109.24026760651905
  ],
  "sensor_weights": [
    1.0,
    0.0,
    0.0,
    0.0,
    0.0,
    0.0,
    0.0,
    0.0,
    0.0,
    0.0
  ],
  "error_range": 0.1,
  "recorded_at": "2025-08-12T10:42:44.319642",
  "visualization_state": {
    "stage": 1,
    "sensor_count": 10,
    "gray_rotation": 0.9998044673579852,
    "gray_tilt": 0.0,
    "blue_curvature": 0.0,
    "green_tilt": 0.0,
    "alerts": {
      "gray_rotation": false,
      "gray_tilt": false,
      "blue_curvature": false,
      "green_tilt": false
    },
    "memory_stats": {
      "plot_data_points": 346,
      "plot_window_size": 5000,
      "decimation_factor": 1,
      "memory_usage_mb": 0,
      "data_points_processed": 340,
      "plot_updates_per_sec": 116
    }
  }
}