{
  "stage": 1,
  "event_name": "完成阶段",
  "timestamp": 23.311958,
  "raw_sensor_data": [
    1754965615.9363766,
    1754965615.9303696,
    1801.9863149470536,
    2254.6560318988286,
    1061.104869685316,
    2010.5077572617522,
    1505.9289545420143,
    1678.0074405916266,
    1082.2997411826486,
    2159.7951805720722,
    1295.4363562909973,
    194.9648335938353
  ],
  "sensor_weights": [
    1.0,
    0.0,
    0.0,
    0.0,
    0.0,
    0.0,
    0.0,
    0.0,
    0.0,
    0.0
  ],
  "error_range": 0.1,
  "recorded_at": "2025-08-12T10:26:55.943396",
  "visualization_state": {
    "stage": 1,
    "sensor_count": 10,
    "gray_rotation": 0.8692242930450895,
    "gray_tilt": 0.0,
    "blue_curvature": 0.0,
    "green_tilt": 0.0,
    "alerts": {
      "gray_rotation": false,
      "gray_tilt": false,
      "blue_curvature": false,
      "green_tilt": false
    },
    "memory_stats": {
      "plot_data_points": 502,
      "plot_window_size": 5000,
      "decimation_factor": 1,
      "memory_usage_mb": 0,
      "data_points_processed": 1433,
      "plot_updates_per_sec": 499
    }
  }
}