{
  "stage": 1,
  "event_name": "完成阶段",
  "timestamp": 17.461177,
  "raw_sensor_data": [
    2885.2399355564307,
    1817.0124798216495,
    1037.7126927177897,
    1928.0311603623404,
    1466.7429900481898,
    1662.3623798506405,
    1063.5379945909783,
    1741.2610454129126,
    1328.1592381840044,
    193.78943998906814,
    193.78943998906814
  ],
  "sensor_weights": [
    1.0,
    0.0,
    0.0,
    0.0,
    0.0,
    0.0,
    0.0,
    0.0,
    0.0,
    0.0,
    0.0
  ],
  "error_range": 0.1,
  "recorded_at": "2025-08-12T17:37:28.276245",
  "visualization_state": {
    "stage": 1,
    "sensor_count": 11,
    "gray_rotation": 1.0,
    "gray_tilt": 1.0,
    "blue_curvature": 1.0,
    "green_tilt": 1.0,
    "alerts": {
      "gray_rotation": false,
      "gray_tilt": false,
      "blue_curvature": false,
      "green_tilt": false
    },
    "memory_stats": {
      "plot_data_points": 370,
      "plot_window_size": 5000,
      "decimation_factor": 1,
      "memory_usage_mb": 0,
      "data_points_processed": 32763,
      "plot_updates_per_sec": 11133
    }
  }
}