{
  "stage": 2,
  "event_name": "矫正完成",
  "timestamp": 40.40901,
  "raw_sensor_data": [
    2504.23242728608,
    2032.5518696939841,
    1102.8126935339887,
    2269.5577510000567,
    1534.9999999391891,
    1737.5691531182629,
    1121.1958773110812,
    1959.1812596255916,
    1424.7911510141812,
    188.8347335577958
  ],
  "sensor_weights": [
    1.0,
    0.0,
    0.0,
    0.0,
    0.0,
    0.0,
    0.0,
    0.0,
    0.0,
    0.0
  ],
  "error_range": 0.1,
  "recorded_at": "2025-08-12T10:43:08.586470",
  "visualization_state": {
    "stage": 2,
    "sensor_count": 10,
    "gray_rotation": 0.6141959740208185,
    "gray_tilt": 0.0,
    "blue_curvature": 0.0,
    "green_tilt": 0.0,
    "alerts": {
      "gray_rotation": false,
      "gray_tilt": false,
      "blue_curvature": false,
      "green_tilt": false
    },
    "memory_stats": {
      "plot_data_points": 874,
      "plot_window_size": 5000,
      "decimation_factor": 1,
      "memory_usage_mb": 0,
      "data_points_processed": 858,
      "plot_updates_per_sec": 294
    }
  }
}