{
  "stage": 4,
  "event_name": "沉髋完成",
  "timestamp": 10.224741,
  "raw_sensor_data": [
    2160.0,
    2003.0,
    1108.0,
    1942.0,
    1517.0,
    1690.0,
    1003.0,
    1907.0,
    1377.0,
    187.0
  ],
  "sensor_weights": [
    1.0,
    0.0,
    0.0,
    0.0,
    0.0,
    0.0,
    0.0,
    0.0,
    0.0,
    0.0
  ],
  "error_range": 0.1,
  "recorded_at": "2025-08-12T16:10:21.093248",
  "visualization_state": {
    "stage": 4,
    "sensor_count": 10,
    "gray_rotation": 0.20880975319925651,
    "gray_tilt": 0.38163296793143103,
    "blue_curvature": 1.0,
    "green_tilt": 0.1529423160436636,
    "alerts": {
      "gray_rotation": false,
      "gray_tilt": false,
      "blue_curvature": false,
      "green_tilt": false
    },
    "memory_stats": {
      "plot_data_points": 219,
      "plot_window_size": 5000,
      "decimation_factor": 1,
      "memory_usage_mb": 0,
      "data_points_processed": 6424,
      "plot_updates_per_sec": 2442
    }
  }
}