{
  "stage": 1,
  "event_name": "完成阶段",
  "timestamp": 47.711155,
  "raw_sensor_data": [
    1754965640.3340833,
    1754965640.3286119,
    2351.416905320511,
    2249.8087335951436,
    1073.4080064578834,
    2034.4271208210662,
    1506.3507203061376,
    1706.8578645934865,
    1103.7023685765832,
    2163.9937930135866,
    1322.0901473526121,
    191.58848549838143
  ],
  "sensor_weights": [
    1.0,
    0.0,
    0.0,
    0.0,
    0.0,
    0.0,
    0.0,
    0.0,
    0.0,
    0.0
  ],
  "error_range": 0.1,
  "recorded_at": "2025-08-12T10:27:20.341593",
  "visualization_state": {
    "stage": 1,
    "sensor_count": 10,
    "gray_rotation": 0.6852469896498187,
    "gray_tilt": 0.0,
    "blue_curvature": 0.0,
    "green_tilt": 0.0,
    "alerts": {
      "gray_rotation": false,
      "gray_tilt": false,
      "blue_curvature": false,
      "green_tilt": false
    },
    "memory_stats": {
      "plot_data_points": 1034,
      "plot_window_size": 5000,
      "decimation_factor": 1,
      "memory_usage_mb": 0,
      "data_points_processed": 1951,
      "plot_updates_per_sec": 678
    }
  }
}