{
  "stage": 1,
  "event_name": "完成阶段",
  "timestamp": 41.867757,
  "raw_sensor_data": [
    1754965634.492192,
    1754965634.4866881,
    2295.1469169905104,
    2252.6848937583786,
    1067.2847067453376,
    2015.2919131279364,
    1504.7144456635483,
    1669.933148462592,
    1062.541944443464,
    2166.334738591707,
    1291.6908960562098,
    191.5697845697597
  ],
  "sensor_weights": [
    1.0,
    0.0,
    0.0,
    0.0,
    0.0,
    0.0,
    0.0,
    0.0,
    0.0,
    0.0
  ],
  "error_range": 0.1,
  "recorded_at": "2025-08-12T10:27:14.499701",
  "visualization_state": {
    "stage": 1,
    "sensor_count": 10,
    "gray_rotation": 0.7074894194219692,
    "gray_tilt": 0.0,
    "blue_curvature": 0.0,
    "green_tilt": 0.0,
    "alerts": {
      "gray_rotation": false,
      "gray_tilt": false,
      "blue_curvature": false,
      "green_tilt": false
    },
    "memory_stats": {
      "plot_data_points": 907,
      "plot_window_size": 5000,
      "decimation_factor": 1,
      "memory_usage_mb": 0,
      "data_points_processed": 1826,
      "plot_updates_per_sec": 635
    }
  }
}