{
  "stage": 1,
  "event_name": "完成阶段",
  "timestamp": 54.940088,
  "raw_sensor_data": [
    1754967114.7948983,
    1754967114.7905426,
    1506.1012770463226,
    2010.5060296572883,
    1041.492409748473,
    2235.4986919661064,
    1366.821361296871,
    1655.5863089787101,
    1335.7498790574004,
    1521.090098711863,
    1307.6298396338602,
    421.02509836032044
  ],
  "sensor_weights": [
    0.0,
    1.0,
    0.0,
    0.0,
    0.0,
    0.0,
    0.0,
    0.0,
    0.0,
    0.0
  ],
  "error_range": 0.1,
  "recorded_at": "2025-08-12T10:51:54.802899",
  "visualization_state": {
    "stage": 1,
    "sensor_count": 10,
    "gray_rotation": 1.0,
    "gray_tilt": 0.0,
    "blue_curvature": 0.0,
    "green_tilt": 0.0,
    "alerts": {
      "gray_rotation": false,
      "gray_tilt": false,
      "blue_curvature": false,
      "green_tilt": false
    },
    "memory_stats": {
      "plot_data_points": 1176,
      "plot_window_size": 5000,
      "decimation_factor": 1,
      "memory_usage_mb": 0,
      "data_points_processed": 1164,
      "plot_updates_per_sec": 399
    }
  }
}