{
  "stage": 1,
  "event_name": "完成阶段",
  "timestamp": 26.224882,
  "raw_sensor_data": [
    1754965618.8457603,
    1754965618.8387601,
    1811.559244843128,
    2254.2269695629984,
    1068.8521939932957,
    2022.5717488892608,
    1507.1228201132699,
    1681.6423290806551,
    1089.0944687897336,
    2161.209666447556,
    1307.3337646835848,
    197.22402448962964
  ],
  "sensor_weights": [
    1.0,
    0.0,
    0.0,
    0.0,
    0.0,
    0.0,
    0.0,
    0.0,
    0.0,
    0.0
  ],
  "error_range": 0.1,
  "recorded_at": "2025-08-12T10:26:58.855272",
  "visualization_state": {
    "stage": 1,
    "sensor_count": 10,
    "gray_rotation": 0.8975789131905944,
    "gray_tilt": 0.0,
    "blue_curvature": 0.0,
    "green_tilt": 0.0,
    "alerts": {
      "gray_rotation": false,
      "gray_tilt": false,
      "blue_curvature": false,
      "green_tilt": false
    },
    "memory_stats": {
      "plot_data_points": 567,
      "plot_window_size": 5000,
      "decimation_factor": 1,
      "memory_usage_mb": 0,
      "data_points_processed": 1494,
      "plot_updates_per_sec": 521
    }
  }
}