{
  "stage": 2,
  "event_name": "矫正完成",
  "timestamp": 88.271319,
  "raw_sensor_data": [
    2076.183717197318,
    1849.636896374052,
    1032.785185620447,
    2245.5645929680363,
    1359.6320322290617,
    1674.3210232963363,
    1387.9125742890799,
    1592.6394642890793,
    1329.6840429931597,
    412.91853763613665
  ],
  "sensor_weights": [
    1.0,
    0.0,
    0.0,
    0.0,
    0.0,
    0.0,
    0.0,
    0.0,
    0.0,
    0.0
  ],
  "error_range": 0.1,
  "recorded_at": "2025-08-12T10:52:28.133637",
  "visualization_state": {
    "stage": 2,
    "sensor_count": 10,
    "gray_rotation": 0.0,
    "gray_tilt": 0.0,
    "blue_curvature": 0.3824249759813995,
    "green_tilt": 0.0,
    "alerts": {
      "gray_rotation": false,
      "gray_tilt": false,
      "blue_curvature": false,
      "green_tilt": false
    },
    "memory_stats": {
      "plot_data_points": 1891,
      "plot_window_size": 5000,
      "decimation_factor": 1,
      "memory_usage_mb": 0,
      "data_points_processed": 1867,
      "plot_updates_per_sec": 644
    }
  }
}