{
  "stage": 1,
  "event_name": "完成阶段",
  "timestamp": 41.159333,
  "raw_sensor_data": [
    1754965633.7837687,
    1754965633.7787623,
    2317.2120796992226,
    2251.3680018182417,
    1068.8763481356802,
    2029.9711578907402,
    1503.5800025695332,
    1674.5483682666832,
    1072.1745828473327,
    2164.255609062643,
    1295.8204700823558,
    190.87536830068458
  ],
  "sensor_weights": [
    1.0,
    0.0,
    0.0,
    0.0,
    0.0,
    0.0,
    0.0,
    0.0,
    0.0,
    0.0
  ],
  "error_range": 0.1,
  "recorded_at": "2025-08-12T10:27:13.791009",
  "visualization_state": {
    "stage": 1,
    "sensor_count": 10,
    "gray_rotation": 0.6988160064075383,
    "gray_tilt": 0.0,
    "blue_curvature": 0.0,
    "green_tilt": 0.0,
    "alerts": {
      "gray_rotation": false,
      "gray_tilt": false,
      "blue_curvature": false,
      "green_tilt": false
    },
    "memory_stats": {
      "plot_data_points": 891,
      "plot_window_size": 5000,
      "decimation_factor": 1,
      "memory_usage_mb": 0,
      "data_points_processed": 1812,
      "plot_updates_per_sec": 630
    }
  }
}