{
  "stage": 1,
  "event_name": "完成阶段",
  "timestamp": 77.099171,
  "raw_sensor_data": [
    1754965669.7196069,
    1754965669.715098,
    1499.1294201835024,
    2151.6461774544964,
    1162.718305205028,
    1867.9117014682706,
    1570.1241411095496,
    1632.3154774146858,
    1094.2658710626508,
    1872.1498673494973,
    1247.5489230045528,
    186.5731007621055
  ],
  "sensor_weights": [
    0.5,
    0.5,
    0.0,
    0.0,
    0.0,
    0.0,
    0.0,
    0.0,
    0.0,
    0.0
  ],
  "error_range": 0.1,
  "recorded_at": "2025-08-12T10:27:49.731942",
  "visualization_state": {
    "stage": 1,
    "sensor_count": 10,
    "gray_rotation": 0.9305969548448593,
    "gray_tilt": 0.0,
    "blue_curvature": 1.0,
    "green_tilt": 0.0,
    "alerts": {
      "gray_rotation": false,
      "gray_tilt": false,
      "blue_curvature": false,
      "green_tilt": false
    },
    "memory_stats": {
      "plot_data_points": 1669,
      "plot_window_size": 5000,
      "decimation_factor": 1,
      "memory_usage_mb": 0,
      "data_points_processed": 2566,
      "plot_updates_per_sec": 896
    }
  }
}