{
  "stage": 4,
  "event_name": "沉肩完成",
  "timestamp": 73.525345,
  "raw_sensor_data": [
    2261.0,
    1885.0,
    1095.0,
    2004.0,
    1513.0,
    1776.0,
    1007.0,
    1777.0,
    1477.0,
    183.0
  ],
  "sensor_weights": [
    1.0,
    0.0,
    0.0,
    0.0,
    0.0,
    0.0,
    0.0,
    0.0,
    0.0,
    0.0
  ],
  "error_range": 0.1,
  "recorded_at": "2025-08-12T16:09:22.603771",
  "visualization_state": {
    "stage": 4,
    "sensor_count": 10,
    "gray_rotation": 0.07324897551089822,
    "gray_tilt": 0.2892995680942567,
    "blue_curvature": 0.30618556591830587,
    "green_tilt": 0.1003925442393269,
    "alerts": {
      "gray_rotation": false,
      "gray_tilt": false,
      "blue_curvature": false,
      "green_tilt": false
    },
    "memory_stats": {
      "plot_data_points": 1574,
      "plot_window_size": 5000,
      "decimation_factor": 1,
      "memory_usage_mb": 0,
      "data_points_processed": 5188,
      "plot_updates_per_sec": 2018
    }
  }
}