{
  "stage": 1,
  "event_name": "完成阶段",
  "timestamp": 52.738729,
  "raw_sensor_data": [
    1754967112.5932987,
    1754967112.5878954,
    1514.451788197605,
    2071.737930762783,
    1042.7619882682354,
    2233.480877830804,
    1367.671781408073,
    1655.441052810124,
    1342.7496221334125,
    1534.1538709348265,
    1306.6964235504065,
    421.3955865263776
  ],
  "sensor_weights": [
    0.0,
    1.0,
    0.0,
    0.0,
    0.0,
    0.0,
    0.0,
    0.0,
    0.0,
    0.0
  ],
  "error_range": 0.1,
  "recorded_at": "2025-08-12T10:51:52.601202",
  "visualization_state": {
    "stage": 1,
    "sensor_count": 10,
    "gray_rotation": 1.0,
    "gray_tilt": 0.0,
    "blue_curvature": 0.0,
    "green_tilt": 0.0,
    "alerts": {
      "gray_rotation": false,
      "gray_tilt": false,
      "blue_curvature": false,
      "green_tilt": false
    },
    "memory_stats": {
      "plot_data_points": 1128,
      "plot_window_size": 5000,
      "decimation_factor": 1,
      "memory_usage_mb": 0,
      "data_points_processed": 1118,
      "plot_updates_per_sec": 383
    }
  }
}