{
  "stage": 2,
  "event_name": "矫正完成",
  "timestamp": 36.151427,
  "raw_sensor_data": [
    1943.2922029858405,
    2246.208019137298,
    1058.9539046464627,
    2024.6640485663672,
    1502.9894239845157,
    1689.3622219936954,
    1079.7820780601764,
    2158.9735202842785,
    1317.9509282208617,
    189.17918501718714
  ],
  "sensor_weights": [
    1.0,
    0.0,
    0.0,
    0.0,
    0.0,
    0.0,
    0.0,
    0.0,
    0.0,
    0.0
  ],
  "error_range": 0.1,
  "recorded_at": "2025-08-12T10:27:08.781864",
  "visualization_state": {
    "stage": 2,
    "sensor_count": 10,
    "gray_rotation": 0.8457970900212891,
    "gray_tilt": 0.0,
    "blue_curvature": 0.5083847462676994,
    "green_tilt": 0.0,
    "alerts": {
      "gray_rotation": false,
      "gray_tilt": false,
      "blue_curvature": false,
      "green_tilt": false
    },
    "memory_stats": {
      "plot_data_points": 783,
      "plot_window_size": 5000,
      "decimation_factor": 1,
      "memory_usage_mb": 0,
      "data_points_processed": 1706,
      "plot_updates_per_sec": 594
    }
  }
}